--Users
INSERT INTO users (account_no_expired, account_no_locked, credential_no_expired, is_enabled, id, email, password, username) VALUES (1, 1, 1, 1, 1, 'admin@gmail.com', '$2a$10$QJ0w4AnXtW0bWCoV1S6Ed.0uXa6kk1bSh6Is2LEzave6/vxX6oxMa', 'admin');
INSERT INTO users (account_no_expired, account_no_locked, credential_no_expired, is_enabled, id, email, password, username) VALUES (1, 1, 1, 1, 2, 'alex@gmail.com', '$2a$10$H.f5elkeJSLws.IVjEBcC.UCktMBYPUcd69F41VgHAEmQ5ufR/zsK', 'alex');
INSERT INTO users (account_no_expired, account_no_locked, credential_no_expired, is_enabled, id, email, password, username) VALUES (1, 1, 1, 1, 3, 'pepe@gmail.com', '$2a$10$kk7FIHZgeS1dH0N7h3Tio.nSUesEJqrBlVcMIxPy.YUvQ9Lo9i6bi', 'pepe');
INSERT INTO users (account_no_expired, account_no_locked, credential_no_expired, is_enabled, id, email, password, username) VALUES (1, 1, 1, 1, 4, 'jonas@gmail.com', '$2a$10$ke1oNnQvuI004S9rDHUBr.XlPf4hShJT7G/ko56LYHGB0qLTAW1Wa', 'jonas');
INSERT INTO users (account_no_expired, account_no_locked, credential_no_expired, is_enabled, id, email, password, username) VALUES (1, 1, 1, 1, 5, 'fred@gmail.com', '$2a$10$rqOM0ol7b0U87zZnYLSUvOGP.oRLDl5qF.EyUHTnkGzC0OU5CWc52', 'Fred');
INSERT INTO users (account_no_expired, account_no_locked, credential_no_expired, is_enabled, id, email, password, username) VALUES (1, 1, 1, 1, 6, 'wayne@gmail.com', '$2a$10$N3tzwxZXO4nvMba3YThscuWCImg7V2KeG7LvhUkhyJ0sLhRjqzsmS', 'Wayne');
INSERT INTO users (account_no_expired, account_no_locked, credential_no_expired, is_enabled, id, email, password, username) VALUES (1, 1, 1, 1, 7, 'frederick@gmail.com', '$2a$10$1HK3verCqqMX4fXbkoIqhedJvHokGtILX3O3bKDeVYMLB4urU8S3m', 'frederick');
INSERT INTO users (account_no_expired, account_no_locked, credential_no_expired, is_enabled, id, email, password, username) VALUES (1, 1, 1, 1, 8, 'fraser@gmail.com', '$2a$10$7Ab6s4sdL/dCOrQgm8zPGepHKcqnR2tSu8Wi..E682aWG56hLr2ji', 'Fraser');
INSERT INTO users (account_no_expired, account_no_locked, credential_no_expired, is_enabled, id, email, password, username) VALUES (1, 1, 1, 1, 9, 'troy@gmail.com', '$2a$10$ziOYEVmZD2mEbVOAsuBp8efYG3G9h8jn4ChC7G1P5fZgB2wkY3Nve', 'Troy');
INSERT INTO users (account_no_expired, account_no_locked, credential_no_expired, is_enabled, id, email, password, username) VALUES (1, 1, 1, 1, 10, 'ralph@gmail.com', '$2a$10$9walnncXZqgXO7Xc13rhfuuoAgw4db/N4pJ3XUxMQ1hl9c1G8ZWsW', 'Ralph');
INSERT INTO users (account_no_expired, account_no_locked, credential_no_expired, is_enabled, id, email, password, username) VALUES (1, 1, 1, 1, 11, 'herman@gmail.com', '$2a$10$DHOaH3znpzOd1PoPw5TXq.e59s0rULFr8DAQ0Q2K/4MBZPEBgaICu', 'Herman');
INSERT INTO users(account_no_expired, account_no_locked, credential_no_expired, is_enabled, id, email, password, username) VALUES (1, 1, 1, 1, 12, 'ukelly@carlson-gonzalez.com', '$2a$10$H.f5elkeJSLws.IVjEBcC.UCktMBYPUcd69F41VgHAEmQ5ufR/zsK', 'qbailey');
INSERT INTO users(account_no_expired, account_no_locked, credential_no_expired, is_enabled, id, email, password, username) VALUES (1, 1, 1, 1, 13, 'pamelaevans@yahoo.com', '$2a$10$H.f5elkeJSLws.IVjEBcC.UCktMBYPUcd69F41VgHAEmQ5ufR/zsK', 'melissadavis');
INSERT INTO users(account_no_expired, account_no_locked, credential_no_expired, is_enabled, id, email, password, username) VALUES (1, 1, 1, 1, 14, 'david76@yahoo.com', '$2a$10$H.f5elkeJSLws.IVjEBcC.UCktMBYPUcd69F41VgHAEmQ5ufR/zsK', 'ishields');
INSERT INTO users(account_no_expired, account_no_locked, credential_no_expired, is_enabled, id, email, password, username) VALUES (1, 1, 1, 1, 15, 'melissa07@yahoo.com', '$2a$10$H.f5elkeJSLws.IVjEBcC.UCktMBYPUcd69F41VgHAEmQ5ufR/zsK', 'ggonzalez');
INSERT INTO users(account_no_expired, account_no_locked, credential_no_expired, is_enabled, id, email, password, username) VALUES (1, 1, 1, 1, 16, 'aprilhill@yahoo.com', '$2a$10$H.f5elkeJSLws.IVjEBcC.UCktMBYPUcd69F41VgHAEmQ5ufR/zsK', 'xpeterson');
INSERT INTO users(account_no_expired, account_no_locked, credential_no_expired, is_enabled, id, email, password, username) VALUES (1, 1, 1, 1, 17, 'robert90@gmail.com', '$2a$10$H.f5elkeJSLws.IVjEBcC.UCktMBYPUcd69F41VgHAEmQ5ufR/zsK', 'laurie58');
INSERT INTO users(account_no_expired, account_no_locked, credential_no_expired, is_enabled, id, email, password, username) VALUES (1, 1, 1, 1, 18, 'victoria88@klein.biz', '$2a$10$H.f5elkeJSLws.IVjEBcC.UCktMBYPUcd69F41VgHAEmQ5ufR/zsK', 'tinanorris');
INSERT INTO users(account_no_expired, account_no_locked, credential_no_expired, is_enabled, id, email, password, username) VALUES (1, 1, 1, 1, 19, 'upowell@gmail.com', '$2a$10$H.f5elkeJSLws.IVjEBcC.UCktMBYPUcd69F41VgHAEmQ5ufR/zsK', 'jason16');

--clientes
INSERT INTO cliente(id_cliente,id_usuario,apellido,direccion,telefono) VALUES (1,2,'Peña','Av. Lima','999299229');
INSERT INTO cliente(id_cliente, id_usuario, apellido, direccion, telefono) VALUES (2, 12, 'Smith', '7649 Mcdonald Inlet', '001-240-621-5902x0550');
INSERT INTO cliente(id_cliente, id_usuario, apellido, direccion, telefono) VALUES (3, 13, 'Waters', '41928 Justin Ferry Suite 493', '826-385-5391x162');
INSERT INTO cliente(id_cliente, id_usuario, apellido, direccion, telefono) VALUES (4, 14, 'Hodges', '7620 Ramsey Skyway Apt. 904', '001-380-853-4833x5306');
INSERT INTO cliente(id_cliente, id_usuario, apellido, direccion, telefono) VALUES (5, 15, 'Schroeder', '98135 Sara Mountain Suite 296', '944-151-3999x627');
INSERT INTO cliente(id_cliente, id_usuario, apellido, direccion, telefono) VALUES (6, 16, 'Wright', '53753 Pollard Route Apt. 927', '+1-256-207-4450x03885');
INSERT INTO cliente(id_cliente, id_usuario, apellido, direccion, telefono) VALUES (7, 17, 'Cooper', '5466 Bonnie Pike Suite 216', '+1-294-843-0286x9255');
INSERT INTO cliente(id_cliente, id_usuario, apellido, direccion, telefono) VALUES (8, 18, 'Richards', '885 Nicole Stravenue', '(011)840-8227');
INSERT INTO cliente(id_cliente, id_usuario, apellido, direccion, telefono) VALUES (9, 19, 'Lopez', '83042 Nash Village', '0994482602');

INSERT INTO especialidad(id,nombre) VALUES (1,'Matrimonio');
INSERT INTO especialidad(id,nombre) VALUES (2,'Catering');
INSERT INTO especialidad(id,nombre) VALUES (3,'Asesoria');

--proveedores
INSERT INTO proveedor (calificacion, id_especialidad, id_proveedor, id_usuario) VALUES (1, 1, 1, 4);
INSERT INTO proveedor (calificacion, id_especialidad, id_proveedor, id_usuario) VALUES (1, 1, 2, 5);
INSERT INTO proveedor (calificacion, id_especialidad, id_proveedor, id_usuario) VALUES (1, 1, 3, 6);
INSERT INTO proveedor (calificacion, id_especialidad, id_proveedor, id_usuario) VALUES (1, 1, 4, 7);
INSERT INTO proveedor (calificacion, id_especialidad, id_proveedor, id_usuario) VALUES (1, 1, 5, 8);
INSERT INTO proveedor (calificacion, id_especialidad, id_proveedor, id_usuario) VALUES (1, 1, 6, 9);
INSERT INTO proveedor (calificacion, id_especialidad, id_proveedor, id_usuario) VALUES (1, 1, 7, 10);
INSERT INTO proveedor (calificacion, id_especialidad, id_proveedor, id_usuario) VALUES (1, 1, 8, 11);

--roles
INSERT INTO roles (id, role_name) VALUES (1, 'ADMIN');
INSERT INTO roles (id, role_name) VALUES (2, 'CLIENTE');
INSERT INTO roles (id, role_name) VALUES (3, 'USER');
INSERT INTO roles (id, role_name) VALUES (4, 'PROVEEDOR');


INSERT INTO user_roles (role_id, user_id) VALUES (1, 1);
INSERT INTO user_roles (role_id, user_id) VALUES (2, 2);
INSERT INTO user_roles (role_id, user_id) VALUES (3, 3);
INSERT INTO user_roles (role_id, user_id) VALUES (4, 4);
INSERT INTO user_roles (role_id, user_id) VALUES (4, 5);
INSERT INTO user_roles (role_id, user_id) VALUES (4, 6);
INSERT INTO user_roles (role_id, user_id) VALUES (4, 7);
INSERT INTO user_roles (role_id, user_id) VALUES (4, 8);
INSERT INTO user_roles (role_id, user_id) VALUES (4, 9);
INSERT INTO user_roles (role_id, user_id) VALUES (4, 10);
INSERT INTO user_roles (role_id, user_id) VALUES (4, 11);



INSERT INTO local (nombre_local, direccion, capacidad, descripcion, precio_base, imagen) VALUES ('Salón Real', 'Av. Los Jardines 123, Lima', 150, 'Un elegante salón con amplias instalaciones y servicios de alta calidad.', 2500.00, 'salon_real.webp');
INSERT INTO local (nombre_local, direccion, capacidad, descripcion, precio_base, imagen) VALUES ('Jardines del Valle', 'Calle Las Flores 456, Cusco', 200, 'Espacio al aire libre rodeado de naturaleza, ideal para bodas al aire libre.', 3200.00, 'jardines_del_valle.webp');
INSERT INTO local (nombre_local, direccion, capacidad, descripcion, precio_base, imagen) VALUES ('Terraza del Sol', 'Carretera Principal km 20, Arequipa', 100, 'Hermosa terraza con vistas panorámicas, perfecta para eventos íntimos.', 1800.00, 'terraza_del_sol.webp');
INSERT INTO local (nombre_local, direccion, capacidad, descripcion, precio_base, imagen) VALUES ('Gran Salón Imperial', 'Av. Las Palmas 789, Trujillo', 300, 'Espacio de lujo con decoración clásica y modernas instalaciones.', 4000.00, 'gran_salon_imperial.webp');
INSERT INTO local (nombre_local, direccion, capacidad, descripcion, precio_base, imagen) VALUES ('Club Campestre El Molino', 'Carretera Vieja 123, Huancayo', 250, 'Club campestre con áreas verdes y servicios de primer nivel para eventos de gran tamaño.', 3500.00, 'club_campestre_el_molino.webp');
INSERT INTO local (nombre_local, direccion, capacidad, descripcion, precio_base, imagen) VALUES ('Salón de Eventos Oasis', 'Calle Principal 101, Piura', 120, 'Salón moderno con servicios integrados, ideal para eventos medianos.', 2200.00, 'salon_oasis.webp');
INSERT INTO local (nombre_local, direccion, capacidad, descripcion, precio_base, imagen) VALUES ('Salón Mirador Andino', 'Av. Los Andes 987, Huaraz', 180, 'Salón con vistas a las montañas y decoración rústica, perfecto para bodas en la sierra.', 2800.00, 'salon_mirador_andino.webp');
INSERT INTO local (nombre_local, direccion, capacidad, descripcion, precio_base, imagen) VALUES ('Casa Hacienda La Arboleda', 'Camino Real s/n, Chiclayo', 350, 'Hermosa hacienda rodeada de árboles y jardines, ideal para grandes eventos.', 4500.00, 'hacienda_la_arboleda.webp');

-- Servicio de Catering
INSERT INTO servicio (nombre, tipo, descripcion) VALUES ('Catering Premium', 'Catering', 'Servicio de catering de alta calidad con opciones de menú personalizables para eventos de gran escala.');

-- Servicio de Fotografía
INSERT INTO servicio (nombre, tipo, descripcion) VALUES ('Fotografía Profesional', 'Fotografía', 'Paquete de fotografía profesional con cobertura completa del evento, incluyendo edición de imágenes y álbum digital.');

-- Servicio de Música
INSERT INTO servicio (nombre, tipo, descripcion) VALUES ('Música en Vivo', 'Música', 'Banda de jazz en vivo para eventos elegantes, incluye equipo de sonido.');

-- Servicio de Decoración
INSERT INTO servicio (nombre, tipo, descripcion) VALUES ('Decoración Temática', 'Decoración', 'Decoración personalizada con arreglos florales, mobiliario y ambientación temática.');

-- Servicio de Iluminación
INSERT INTO servicio (nombre, tipo, descripcion) VALUES ('Iluminación Ambiental', 'Iluminación', 'Sistema de iluminación LED para ambientación y efectos en pista de baile.');

-- Servicio de Transporte
INSERT INTO servicio (nombre, tipo, descripcion) VALUES ('Transporte VIP', 'Transporte', 'Servicio de transporte de lujo para los invitados, incluye chófer profesional y coordinación de rutas.');


-- Local: 1, Servicio: 1 (Catering), Proveedor: 1
INSERT INTO Local_Servicios (id_local, id_servicio, id_proveedor, precio, detalles) VALUES (1, 1, 1, 1500.00, 'Catering premium con menú personalizado, incluye aperitivos, platos fuertes y postres.');

-- Local: 1, Servicio: 2 (Fotografía), Proveedor: 2
INSERT INTO Local_Servicios (id_local, id_servicio, id_proveedor, precio, detalles) VALUES (1, 2, 2, 800.00, 'Paquete de fotografía profesional con cobertura completa del evento y edición digital.');

-- Local: 2, Servicio: 1 (Catering), Proveedor: 3
INSERT INTO Local_Servicios (id_local, id_servicio, id_proveedor, precio, detalles) VALUES (2, 1, 3, 1800.00, 'Catering de calidad con opciones vegetarianas y veganas, incluye bebidas.');

-- Local: 2, Servicio: 3 (Música), Proveedor: 4
INSERT INTO Local_Servicios (id_local, id_servicio, id_proveedor, precio, detalles) VALUES (2, 3, 4, 600.00, 'Música en vivo con banda de jazz, sistema de sonido incluido.');

-- Local: 3, Servicio: 1 (Catering), Proveedor: 5
INSERT INTO Local_Servicios (id_local, id_servicio, id_proveedor, precio, detalles) VALUES (3, 1, 5, 2000.00, 'Catering gourmet con chef en vivo, menú internacional y servicio de mesa completo.');

-- Local: 3, Servicio: 4 (Decoración), Proveedor: 6
INSERT INTO Local_Servicios (id_local, id_servicio, id_proveedor, precio, detalles) VALUES (3, 4, 6, 1200.00, 'Decoración temática con arreglos florales y ambientación personalizada.');

-- Local: 4, Servicio: 2 (Fotografía), Proveedor: 2
INSERT INTO Local_Servicios (id_local, id_servicio, id_proveedor, precio, detalles) VALUES (4, 2, 2, 750.00, 'Fotografía profesional con sesiones previas y post-evento.');

-- Local: 4, Servicio: 5 (Iluminación), Proveedor: 7
INSERT INTO Local_Servicios (id_local, id_servicio, id_proveedor, precio, detalles) VALUES (4, 5, 7, 500.00, 'Sistema de iluminación ambiental con luces LED y efectos para pista de baile.');

-- Local: 5, Servicio: 3 (Música), Proveedor: 4
INSERT INTO Local_Servicios (id_local, id_servicio, id_proveedor, precio, detalles) VALUES (5, 3, 4, 700.00, 'DJ profesional con playlist personalizada, incluye equipo de sonido.');

-- Local: 5, Servicio: 6 (Transporte), Proveedor: 8
INSERT INTO Local_Servicios (id_local, id_servicio, id_proveedor, precio, detalles) VALUES (5, 6, 8, 900.00, 'Transporte de lujo para invitados, incluye chófer y coordinación de rutas.');

--solicitudes
INSERT INTO solicitudes (id_solicitud, id_cliente, id_local, cantidad_invitados, presupuesto_final, fecha_evento, fecha_creacion, fecha_actualizacion, correo, estado) VALUES (1, 2, 2, 214, 2532, '2024-05-26', '2024-10-05 07:45:01', '2024-10-05 07:45:01', 'harveyjennifer@garza.com', 'CERRADO');
INSERT INTO solicitudes (id_solicitud, id_cliente, id_local, cantidad_invitados, presupuesto_final, fecha_evento, fecha_creacion, fecha_actualizacion, correo, estado) VALUES (2, 3, 7, 165, 9316, '2024-04-11', '2024-07-13 17:07:04', '2024-07-13 17:07:04', 'ricedanielle@hotmail.com', 'EN_PROCESO');
INSERT INTO solicitudes (id_solicitud, id_cliente, id_local, cantidad_invitados, presupuesto_final, fecha_evento, fecha_creacion, fecha_actualizacion, correo, estado) VALUES (3, 4, 7, 55, 8429, '2024-08-02', '2024-11-07 00:38:20', '2024-11-07 00:38:20', 'jason81@rodriguez.com', 'EN_PROCESO');
INSERT INTO solicitudes (id_solicitud, id_cliente, id_local, cantidad_invitados, presupuesto_final, fecha_evento, fecha_creacion, fecha_actualizacion, correo, estado) VALUES (4, 5, 2, 184, 7791, '2024-02-11', '2024-08-27 11:02:50', '2024-08-27 11:02:50', 'thardy@wright-anderson.com', 'ESPERANDO_RESPUESTA_DEL_CLIENTE');
INSERT INTO solicitudes (id_solicitud, id_cliente, id_local, cantidad_invitados, presupuesto_final, fecha_evento, fecha_creacion, fecha_actualizacion, correo, estado) VALUES (6, 6, 5, 188, 7644, '2024-03-19', '2024-07-12 00:52:11', '2024-07-12 00:52:11', 'lindaproctor@hotmail.com', 'ESPERANDO_RESPUESTA_DEL_CLIENTE');
INSERT INTO solicitudes (id_solicitud, id_cliente, id_local, cantidad_invitados, presupuesto_final, fecha_evento, fecha_creacion, fecha_actualizacion, correo, estado) VALUES (8, 7, 1, 269, 3815, '2024-06-23', '2024-10-18 16:41:58', '2024-10-18 16:41:58', 'lnelson@dickson.org', 'PRESUPUESTO_ENVIADO');
INSERT INTO solicitudes (id_solicitud, id_cliente, id_local, cantidad_invitados, presupuesto_final, fecha_evento, fecha_creacion, fecha_actualizacion, correo, estado) VALUES (9, 8, 7, 85, 4299, '2024-01-13', '2024-06-19 05:43:44', '2024-06-19 05:43:44', 'aaronhuang@gmail.com', 'CERRADO');
INSERT INTO solicitudes (id_solicitud, id_cliente, id_local, cantidad_invitados, presupuesto_final, fecha_evento, fecha_creacion, fecha_actualizacion, correo, estado) VALUES (10, 9, 8, 91, 9364, '2024-06-08', '2024-04-26 06:45:37', '2024-04-26 06:45:37', 'phillipsvincent@gmail.com', 'PRESUPUESTO_ENVIADO');